USE [PraticaProfissional1]
GO
SET IDENTITY_INSERT [dbo].[COUNTRIES] ON 

INSERT [dbo].[COUNTRIES] ([id_country], [country_name], [country_acronym], [country_phonePrefix], [country_currency], [date_creation], [date_last_update]) VALUES (2, N'BRASIL', N'BRA', N'+55', N'R$', CAST(N'2023-05-09T22:30:39.433' AS DateTime), CAST(N'2023-05-09T22:30:39.433' AS DateTime))
INSERT [dbo].[COUNTRIES] ([id_country], [country_name], [country_acronym], [country_phonePrefix], [country_currency], [date_creation], [date_last_update]) VALUES (3, N'UNITED STATES OF AMERICA', N'USA', N'+1', N'U$', CAST(N'2023-05-09T22:31:01.097' AS DateTime), CAST(N'2023-05-09T22:31:01.097' AS DateTime))
INSERT [dbo].[COUNTRIES] ([id_country], [country_name], [country_acronym], [country_phonePrefix], [country_currency], [date_creation], [date_last_update]) VALUES (4, N'AUSTRALIA', N'AUS', N'+61', N'AUD$', CAST(N'2023-05-09T22:31:45.077' AS DateTime), CAST(N'2023-05-09T22:31:45.077' AS DateTime))
INSERT [dbo].[COUNTRIES] ([id_country], [country_name], [country_acronym], [country_phonePrefix], [country_currency], [date_creation], [date_last_update]) VALUES (5, N'JAPAO', N'JAP', N'+81', N'JPY', CAST(N'2023-05-09T22:32:54.360' AS DateTime), CAST(N'2023-05-09T22:32:54.360' AS DateTime))
INSERT [dbo].[COUNTRIES] ([id_country], [country_name], [country_acronym], [country_phonePrefix], [country_currency], [date_creation], [date_last_update]) VALUES (6, N'PARAGUAI', N'PY', N'+595', N'G$', CAST(N'2023-05-09T22:33:12.663' AS DateTime), CAST(N'2023-05-09T22:33:12.663' AS DateTime))
INSERT [dbo].[COUNTRIES] ([id_country], [country_name], [country_acronym], [country_phonePrefix], [country_currency], [date_creation], [date_last_update]) VALUES (7, N'ARGENTINA', N'ARG', N'+45', N'P$', CAST(N'2023-05-09T22:33:26.750' AS DateTime), CAST(N'2023-05-09T22:33:26.750' AS DateTime))
INSERT [dbo].[COUNTRIES] ([id_country], [country_name], [country_acronym], [country_phonePrefix], [country_currency], [date_creation], [date_last_update]) VALUES (8, N'BRASIL', N'BRA', N'+55', N'R$', CAST(N'2023-05-09T22:30:39.433' AS DateTime), CAST(N'2023-05-09T22:30:39.433' AS DateTime))
INSERT [dbo].[COUNTRIES] ([id_country], [country_name], [country_acronym], [country_phonePrefix], [country_currency], [date_creation], [date_last_update]) VALUES (9, N'UNITED STATES OF AMERICA', N'USA', N'+1', N'U$', CAST(N'2023-05-09T22:31:01.097' AS DateTime), CAST(N'2023-05-09T22:31:01.097' AS DateTime))
INSERT [dbo].[COUNTRIES] ([id_country], [country_name], [country_acronym], [country_phonePrefix], [country_currency], [date_creation], [date_last_update]) VALUES (10, N'AUSTRALIA', N'AUS', N'+61', N'AUD$', CAST(N'2023-05-09T22:31:45.077' AS DateTime), CAST(N'2023-05-09T22:31:45.077' AS DateTime))
INSERT [dbo].[COUNTRIES] ([id_country], [country_name], [country_acronym], [country_phonePrefix], [country_currency], [date_creation], [date_last_update]) VALUES (11, N'JAPAO', N'JAP', N'+81', N'JPY', CAST(N'2023-05-09T22:32:54.360' AS DateTime), CAST(N'2023-05-09T22:32:54.360' AS DateTime))
INSERT [dbo].[COUNTRIES] ([id_country], [country_name], [country_acronym], [country_phonePrefix], [country_currency], [date_creation], [date_last_update]) VALUES (12, N'PARAGUAI', N'PY', N'+595', N'G$', CAST(N'2023-05-09T22:33:12.663' AS DateTime), CAST(N'2023-05-09T22:33:12.663' AS DateTime))
INSERT [dbo].[COUNTRIES] ([id_country], [country_name], [country_acronym], [country_phonePrefix], [country_currency], [date_creation], [date_last_update]) VALUES (13, N'ARGENTINA', N'ARG', N'+45', N'P$', CAST(N'2023-05-09T22:33:26.750' AS DateTime), CAST(N'2023-05-09T22:33:26.750' AS DateTime))
SET IDENTITY_INSERT [dbo].[COUNTRIES] OFF
GO
SET IDENTITY_INSERT [dbo].[STATES] ON 

INSERT [dbo].[STATES] ([id_state], [state_name], [state_fed_unit], [id_country], [date_creation], [date_last_update]) VALUES (2, N'PARANA', N'PR', 2, CAST(N'2023-05-09T22:34:03.037' AS DateTime), CAST(N'2023-05-09T22:34:03.037' AS DateTime))
INSERT [dbo].[STATES] ([id_state], [state_name], [state_fed_unit], [id_country], [date_creation], [date_last_update]) VALUES (3, N'SAO PAULO', N'SP', 2, CAST(N'2023-05-09T22:34:11.283' AS DateTime), CAST(N'2023-05-09T22:34:11.283' AS DateTime))
INSERT [dbo].[STATES] ([id_state], [state_name], [state_fed_unit], [id_country], [date_creation], [date_last_update]) VALUES (4, N'SANTA CATARINA', N'SC', 2, CAST(N'2023-05-09T22:34:21.273' AS DateTime), CAST(N'2023-05-09T22:34:21.273' AS DateTime))
INSERT [dbo].[STATES] ([id_state], [state_name], [state_fed_unit], [id_country], [date_creation], [date_last_update]) VALUES (5, N'BAHIA', N'BA', 2, CAST(N'2023-05-09T22:34:35.667' AS DateTime), CAST(N'2023-05-09T22:34:35.667' AS DateTime))
INSERT [dbo].[STATES] ([id_state], [state_name], [state_fed_unit], [id_country], [date_creation], [date_last_update]) VALUES (6, N'NEW YORK', N'NY', 3, CAST(N'2023-05-09T22:34:54.057' AS DateTime), CAST(N'2023-05-09T22:34:54.057' AS DateTime))
INSERT [dbo].[STATES] ([id_state], [state_name], [state_fed_unit], [id_country], [date_creation], [date_last_update]) VALUES (7, N'TEXAS', N'TEX', 3, CAST(N'2023-05-09T22:35:03.487' AS DateTime), CAST(N'2023-05-09T22:35:03.487' AS DateTime))
INSERT [dbo].[STATES] ([id_state], [state_name], [state_fed_unit], [id_country], [date_creation], [date_last_update]) VALUES (8, N'BUENOS AIRES', N'BA', 7, CAST(N'2023-05-09T22:36:11.797' AS DateTime), CAST(N'2023-05-09T22:36:11.797' AS DateTime))
INSERT [dbo].[STATES] ([id_state], [state_name], [state_fed_unit], [id_country], [date_creation], [date_last_update]) VALUES (9, N'OKINAWA', N'OKI', 5, CAST(N'2023-05-09T22:37:00.967' AS DateTime), CAST(N'2023-05-09T22:37:00.967' AS DateTime))
INSERT [dbo].[STATES] ([id_state], [state_name], [state_fed_unit], [id_country], [date_creation], [date_last_update]) VALUES (10, N'QUEENSLAND', N'QUE', 4, CAST(N'2023-05-09T22:37:32.487' AS DateTime), CAST(N'2023-05-09T22:37:32.487' AS DateTime))
INSERT [dbo].[STATES] ([id_state], [state_name], [state_fed_unit], [id_country], [date_creation], [date_last_update]) VALUES (11, N'TASMANIA', N'TAS', 4, CAST(N'2023-05-09T22:37:55.990' AS DateTime), CAST(N'2023-05-09T22:37:55.990' AS DateTime))
INSERT [dbo].[STATES] ([id_state], [state_name], [state_fed_unit], [id_country], [date_creation], [date_last_update]) VALUES (12, N'PARANA', N'PR', 2, CAST(N'2023-05-09T22:34:03.037' AS DateTime), CAST(N'2023-05-09T22:34:03.037' AS DateTime))
INSERT [dbo].[STATES] ([id_state], [state_name], [state_fed_unit], [id_country], [date_creation], [date_last_update]) VALUES (13, N'SAO PAULO', N'SP', 2, CAST(N'2023-05-09T22:34:11.283' AS DateTime), CAST(N'2023-05-09T22:34:11.283' AS DateTime))
INSERT [dbo].[STATES] ([id_state], [state_name], [state_fed_unit], [id_country], [date_creation], [date_last_update]) VALUES (14, N'SANTA CATARINA', N'SC', 2, CAST(N'2023-05-09T22:34:21.273' AS DateTime), CAST(N'2023-05-09T22:34:21.273' AS DateTime))
INSERT [dbo].[STATES] ([id_state], [state_name], [state_fed_unit], [id_country], [date_creation], [date_last_update]) VALUES (15, N'BAHIA', N'BA', 2, CAST(N'2023-05-09T22:34:35.667' AS DateTime), CAST(N'2023-05-09T22:34:35.667' AS DateTime))
INSERT [dbo].[STATES] ([id_state], [state_name], [state_fed_unit], [id_country], [date_creation], [date_last_update]) VALUES (16, N'NEW YORK', N'NY', 3, CAST(N'2023-05-09T22:34:54.057' AS DateTime), CAST(N'2023-05-09T22:34:54.057' AS DateTime))
INSERT [dbo].[STATES] ([id_state], [state_name], [state_fed_unit], [id_country], [date_creation], [date_last_update]) VALUES (17, N'TEXAS', N'TEX', 3, CAST(N'2023-05-09T22:35:03.487' AS DateTime), CAST(N'2023-05-09T22:35:03.487' AS DateTime))
INSERT [dbo].[STATES] ([id_state], [state_name], [state_fed_unit], [id_country], [date_creation], [date_last_update]) VALUES (18, N'BUENOS AIRES', N'BA', 7, CAST(N'2023-05-09T22:36:11.797' AS DateTime), CAST(N'2023-05-09T22:36:11.797' AS DateTime))
INSERT [dbo].[STATES] ([id_state], [state_name], [state_fed_unit], [id_country], [date_creation], [date_last_update]) VALUES (19, N'OKINAWA', N'OKI', 5, CAST(N'2023-05-09T22:37:00.967' AS DateTime), CAST(N'2023-05-09T22:37:00.967' AS DateTime))
INSERT [dbo].[STATES] ([id_state], [state_name], [state_fed_unit], [id_country], [date_creation], [date_last_update]) VALUES (20, N'QUEENSLAND', N'QUE', 4, CAST(N'2023-05-09T22:37:32.487' AS DateTime), CAST(N'2023-05-09T22:37:32.487' AS DateTime))
INSERT [dbo].[STATES] ([id_state], [state_name], [state_fed_unit], [id_country], [date_creation], [date_last_update]) VALUES (21, N'TASMANIA', N'TAS', 4, CAST(N'2023-05-09T22:37:55.990' AS DateTime), CAST(N'2023-05-09T22:37:55.990' AS DateTime))
SET IDENTITY_INSERT [dbo].[STATES] OFF
GO
SET IDENTITY_INSERT [dbo].[CITIES] ON 

INSERT [dbo].[CITIES] ([id_city], [city_name], [city_phone_prefix], [state_id], [date_creation], [date_last_update]) VALUES (2, N'FOZ DO IGUACU', N'+45', 2, CAST(N'2023-05-09T22:38:23.730' AS DateTime), CAST(N'2023-05-09T22:38:23.730' AS DateTime))
INSERT [dbo].[CITIES] ([id_city], [city_name], [city_phone_prefix], [state_id], [date_creation], [date_last_update]) VALUES (3, N'SANTA TEREZINHA DE ITAIPU', N'+45', 2, CAST(N'2023-05-09T22:38:34.003' AS DateTime), CAST(N'2023-05-09T22:38:34.003' AS DateTime))
INSERT [dbo].[CITIES] ([id_city], [city_name], [city_phone_prefix], [state_id], [date_creation], [date_last_update]) VALUES (4, N'NAHA', N'+81', 9, CAST(N'2023-05-09T22:39:20.910' AS DateTime), CAST(N'2023-05-09T22:39:20.910' AS DateTime))
INSERT [dbo].[CITIES] ([id_city], [city_name], [city_phone_prefix], [state_id], [date_creation], [date_last_update]) VALUES (5, N'BRISBANE', N'07', 10, CAST(N'2023-05-09T22:40:05.757' AS DateTime), CAST(N'2023-05-09T22:40:05.757' AS DateTime))
INSERT [dbo].[CITIES] ([id_city], [city_name], [city_phone_prefix], [state_id], [date_creation], [date_last_update]) VALUES (6, N'CAMPINAS', N'19', 3, CAST(N'2023-05-09T22:40:36.330' AS DateTime), CAST(N'2023-05-09T22:40:36.330' AS DateTime))
INSERT [dbo].[CITIES] ([id_city], [city_name], [city_phone_prefix], [state_id], [date_creation], [date_last_update]) VALUES (7, N'FOZ DO IGUACU', N'+45', 2, CAST(N'2023-05-09T22:38:23.730' AS DateTime), CAST(N'2023-05-09T22:38:23.730' AS DateTime))
INSERT [dbo].[CITIES] ([id_city], [city_name], [city_phone_prefix], [state_id], [date_creation], [date_last_update]) VALUES (8, N'SANTA TEREZINHA DE ITAIPU', N'+45', 2, CAST(N'2023-05-09T22:38:34.003' AS DateTime), CAST(N'2023-05-09T22:38:34.003' AS DateTime))
INSERT [dbo].[CITIES] ([id_city], [city_name], [city_phone_prefix], [state_id], [date_creation], [date_last_update]) VALUES (9, N'NAHA', N'+81', 9, CAST(N'2023-05-09T22:39:20.910' AS DateTime), CAST(N'2023-05-09T22:39:20.910' AS DateTime))
INSERT [dbo].[CITIES] ([id_city], [city_name], [city_phone_prefix], [state_id], [date_creation], [date_last_update]) VALUES (10, N'BRISBANE', N'07', 10, CAST(N'2023-05-09T22:40:05.757' AS DateTime), CAST(N'2023-05-09T22:40:05.757' AS DateTime))
INSERT [dbo].[CITIES] ([id_city], [city_name], [city_phone_prefix], [state_id], [date_creation], [date_last_update]) VALUES (11, N'CAMPINAS', N'19', 3, CAST(N'2023-05-09T22:40:36.330' AS DateTime), CAST(N'2023-05-09T22:40:36.330' AS DateTime))
SET IDENTITY_INSERT [dbo].[CITIES] OFF
GO
SET IDENTITY_INSERT [dbo].[PHONECLASSIFICATIONS] ON 

INSERT [dbo].[PHONECLASSIFICATIONS] ([id_phoneClassification], [phoneClassification_name], [date_creation], [date_last_update]) VALUES (2, N'NULL', CAST(N'2000-01-01T00:00:00.000' AS DateTime), CAST(N'2000-01-01T00:00:00.000' AS DateTime))
INSERT [dbo].[PHONECLASSIFICATIONS] ([id_phoneClassification], [phoneClassification_name], [date_creation], [date_last_update]) VALUES (3, N'PERSONAL', CAST(N'2023-05-09T22:41:55.627' AS DateTime), CAST(N'2023-05-09T22:41:55.627' AS DateTime))
INSERT [dbo].[PHONECLASSIFICATIONS] ([id_phoneClassification], [phoneClassification_name], [date_creation], [date_last_update]) VALUES (4, N'WORK PHONE', CAST(N'2023-05-09T22:42:06.700' AS DateTime), CAST(N'2023-05-09T22:42:06.700' AS DateTime))
INSERT [dbo].[PHONECLASSIFICATIONS] ([id_phoneClassification], [phoneClassification_name], [date_creation], [date_last_update]) VALUES (5, N'JOB', CAST(N'2023-05-09T22:42:12.140' AS DateTime), CAST(N'2023-05-09T22:42:12.140' AS DateTime))
INSERT [dbo].[PHONECLASSIFICATIONS] ([id_phoneClassification], [phoneClassification_name], [date_creation], [date_last_update]) VALUES (6, N'HOUSE', CAST(N'2023-05-09T22:42:16.273' AS DateTime), CAST(N'2023-05-09T22:42:16.273' AS DateTime))
INSERT [dbo].[PHONECLASSIFICATIONS] ([id_phoneClassification], [phoneClassification_name], [date_creation], [date_last_update]) VALUES (7, N'NULL', CAST(N'2000-01-01T00:00:00.000' AS DateTime), CAST(N'2000-01-01T00:00:00.000' AS DateTime))
INSERT [dbo].[PHONECLASSIFICATIONS] ([id_phoneClassification], [phoneClassification_name], [date_creation], [date_last_update]) VALUES (8, N'PERSONAL', CAST(N'2023-05-09T22:41:55.627' AS DateTime), CAST(N'2023-05-09T22:41:55.627' AS DateTime))
INSERT [dbo].[PHONECLASSIFICATIONS] ([id_phoneClassification], [phoneClassification_name], [date_creation], [date_last_update]) VALUES (9, N'WORK PHONE', CAST(N'2023-05-09T22:42:06.700' AS DateTime), CAST(N'2023-05-09T22:42:06.700' AS DateTime))
INSERT [dbo].[PHONECLASSIFICATIONS] ([id_phoneClassification], [phoneClassification_name], [date_creation], [date_last_update]) VALUES (10, N'JOB', CAST(N'2023-05-09T22:42:12.140' AS DateTime), CAST(N'2023-05-09T22:42:12.140' AS DateTime))
INSERT [dbo].[PHONECLASSIFICATIONS] ([id_phoneClassification], [phoneClassification_name], [date_creation], [date_last_update]) VALUES (11, N'HOUSE', CAST(N'2023-05-09T22:42:16.273' AS DateTime), CAST(N'2023-05-09T22:42:16.273' AS DateTime))
SET IDENTITY_INSERT [dbo].[PHONECLASSIFICATIONS] OFF
GO
SET IDENTITY_INSERT [dbo].[SUPPLIERS] ON 

INSERT [dbo].[SUPPLIERS] ([id_supplier], [supplier_registration], [supplier_name], [supplier_social_reason], [supplier_state_inscription], [supplier_email], [supplier_phone1], [supplier_phone2], [supplier_phone3], [supplier_phone_class1], [supplier_phone_class2], [supplier_phone_class3], [supplier_STREET_NAME], [supplier_DISTRICT], [supplier_HOUSE_NUMBER], [supplier_HOME_TYPE], [supplier_COMPLEMENT], [supplier_ZIP_CODE], [city_id], [date_creation], [date_last_update]) VALUES (2, N'20252609000165', N'EMS', N'RAZAO SOCIAL', N'123123312', N'EMS@GMAIL.COM', N'6541654564', N'', N'', 3, 2, 2, N'RUA ENTREGADOR', N'CENTRO', N'12', N'PREDIO', N'SALA 3', N'654655', 6, CAST(N'2023-05-09T00:00:00.000' AS DateTime), CAST(N'2023-05-09T23:24:00.013' AS DateTime))
INSERT [dbo].[SUPPLIERS] ([id_supplier], [supplier_registration], [supplier_name], [supplier_social_reason], [supplier_state_inscription], [supplier_email], [supplier_phone1], [supplier_phone2], [supplier_phone3], [supplier_phone_class1], [supplier_phone_class2], [supplier_phone_class3], [supplier_STREET_NAME], [supplier_DISTRICT], [supplier_HOUSE_NUMBER], [supplier_HOME_TYPE], [supplier_COMPLEMENT], [supplier_ZIP_CODE], [city_id], [date_creation], [date_last_update]) VALUES (3, N'20252609000165', N'EMS', N'RAZAO SOCIAL', N'123123312', N'EMS@GMAIL.COM', N'6541654564', N'', N'', 3, 2, 2, N'RUA ENTREGADOR', N'CENTRO', N'12', N'PREDIO', N'SALA 3', N'654655', 6, CAST(N'2023-05-09T00:00:00.000' AS DateTime), CAST(N'2023-05-09T23:24:00.013' AS DateTime))
SET IDENTITY_INSERT [dbo].[SUPPLIERS] OFF
GO
SET IDENTITY_INSERT [dbo].[CLIENTS] ON 

INSERT [dbo].[CLIENTS] ([id_client], [client_name], [client_gender], [client_registration], [client_age], [client_dob], [client_email], [client_phone1], [client_phone2], [client_phone3], [client_phone_class1], [client_phone_class2], [client_phone_class3], [CLIENT_STREET_NAME], [CLIENT_DISTRICT], [CLIENT_HOUSE_NUMBER], [CLIENT_HOME_TYPE], [CLIENT_COMPLEMENT], [CLIENT_ZIP_CODE], [city_id], [client_type], [date_creation], [date_last_update]) VALUES (2, N'EDUARDO HIPOLITO ANACLETO', 1, N'05251398930', 28, CAST(N'1995-01-01T00:00:00.000' AS DateTime), N'EDUARDO.HANACLETO@GMAIL.COM', N'045998326292', N'04535411126', N'', 3, 5, 2, N'RUA ANTONIO ACCORDI', N'PARQUE DOS ESTADOS', N'288', N'CASA', N'CASA ', N'85875000', 3, 1, CAST(N'2023-05-09T00:00:00.000' AS DateTime), CAST(N'2023-05-09T22:44:12.743' AS DateTime))
INSERT [dbo].[CLIENTS] ([id_client], [client_name], [client_gender], [client_registration], [client_age], [client_dob], [client_email], [client_phone1], [client_phone2], [client_phone3], [client_phone_class1], [client_phone_class2], [client_phone_class3], [CLIENT_STREET_NAME], [CLIENT_DISTRICT], [CLIENT_HOUSE_NUMBER], [CLIENT_HOME_TYPE], [CLIENT_COMPLEMENT], [CLIENT_ZIP_CODE], [city_id], [client_type], [date_creation], [date_last_update]) VALUES (3, N'FARMACIA FARMAVILMO', 0, N'20252609000165', 0, CAST(N'2023-01-01T00:00:00.000' AS DateTime), N'FARMAVILMO@HOTMAIL.COM', N'04535411126', N'', N'', 5, 2, 2, N'RUA PRIMEIRO DE MAIO', N'CENTRO', N'167', N'CASA', N'SALA 1', N'85875000', 3, 2, CAST(N'2023-05-09T00:00:00.000' AS DateTime), CAST(N'2023-05-09T22:48:47.507' AS DateTime))
INSERT [dbo].[CLIENTS] ([id_client], [client_name], [client_gender], [client_registration], [client_age], [client_dob], [client_email], [client_phone1], [client_phone2], [client_phone3], [client_phone_class1], [client_phone_class2], [client_phone_class3], [CLIENT_STREET_NAME], [CLIENT_DISTRICT], [CLIENT_HOUSE_NUMBER], [CLIENT_HOME_TYPE], [CLIENT_COMPLEMENT], [CLIENT_ZIP_CODE], [city_id], [client_type], [date_creation], [date_last_update]) VALUES (5, N'EDUARDO HIPOLITO ANACLETO', 1, N'05251398930', 28, CAST(N'1995-01-01T00:00:00.000' AS DateTime), N'EDUARDO.HANACLETO@GMAIL.COM', N'045998326292', N'04535411126', N'', 3, 5, 2, N'RUA ANTONIO ACCORDI', N'PARQUE DOS ESTADOS', N'288', N'CASA', N'CASA ', N'85875000', 3, 1, CAST(N'2023-05-09T00:00:00.000' AS DateTime), CAST(N'2023-05-09T22:44:12.743' AS DateTime))
INSERT [dbo].[CLIENTS] ([id_client], [client_name], [client_gender], [client_registration], [client_age], [client_dob], [client_email], [client_phone1], [client_phone2], [client_phone3], [client_phone_class1], [client_phone_class2], [client_phone_class3], [CLIENT_STREET_NAME], [CLIENT_DISTRICT], [CLIENT_HOUSE_NUMBER], [CLIENT_HOME_TYPE], [CLIENT_COMPLEMENT], [CLIENT_ZIP_CODE], [city_id], [client_type], [date_creation], [date_last_update]) VALUES (6, N'FARMACIA FARMAVILMO', 0, N'20252609000165', 0, CAST(N'2023-01-01T00:00:00.000' AS DateTime), N'FARMAVILMO@HOTMAIL.COM', N'04535411126', N'', N'', 5, 2, 2, N'RUA PRIMEIRO DE MAIO', N'CENTRO', N'167', N'CASA', N'SALA 1', N'85875000', 3, 2, CAST(N'2023-05-09T00:00:00.000' AS DateTime), CAST(N'2023-05-09T22:48:47.507' AS DateTime))
SET IDENTITY_INSERT [dbo].[CLIENTS] OFF
GO
SET IDENTITY_INSERT [dbo].[EMPLOYEES] ON 

INSERT [dbo].[EMPLOYEES] ([id_employee], [employee_name], [employee_gender], [employee_age], [employee_registration], [employee_dob], [employee_email], [employee_phone1], [employee_phone2], [employee_phone3], [employee_phone_class1], [employee_phone_class2], [employee_phone_class3], [street_name], [district], [house_number], [complement], [zipcode], [id_city], [jobRole], [baseSalary], [weeklyHours], [employee_status], [admission_date], [dismissed_date], [home_type], [date_creation], [date_last_update]) VALUES (2, N'EDUARDO ANACLETO', 1, 28, N'05251398930', CAST(N'1994-10-27T00:00:00.000' AS DateTime), N'EDUARDO.HANACLETO@GMAIL.COM', N'045998326292', N'', N'', 3, 2, 2, N'RUA ANTONIO ACCORDI', N'PARQUE DOS ESTADOS', N'288', N'CASA', N'85875000', 2, N'VENDEDOR', CAST(1500.00 AS Decimal(10, 2)), 40, 1, CAST(N'2020-01-01T00:00:00.000' AS DateTime), CAST(N'2000-01-01T00:00:00.000' AS DateTime), N'CASA', CAST(N'2023-05-09T00:00:00.000' AS DateTime), CAST(N'2023-05-09T23:15:56.693' AS DateTime))
INSERT [dbo].[EMPLOYEES] ([id_employee], [employee_name], [employee_gender], [employee_age], [employee_registration], [employee_dob], [employee_email], [employee_phone1], [employee_phone2], [employee_phone3], [employee_phone_class1], [employee_phone_class2], [employee_phone_class3], [street_name], [district], [house_number], [complement], [zipcode], [id_city], [jobRole], [baseSalary], [weeklyHours], [employee_status], [admission_date], [dismissed_date], [home_type], [date_creation], [date_last_update]) VALUES (3, N'TESTE INATIVO', 2, 25, N'05251398930', CAST(N'1998-01-01T00:00:00.000' AS DateTime), N'SDFSDKFSDFS@GMAIL.COM', N'456456654654', N'', N'', 4, 2, 2, N'ASDFSAFASFSADF', N'DGSDGSDF', N'12', N'SDFGSDFG', N'44656156', 6, N'SDFGDSFGDFS', CAST(2000.00 AS Decimal(10, 2)), 45, 0, CAST(N'2019-01-01T00:00:00.000' AS DateTime), CAST(N'2020-01-01T00:00:00.000' AS DateTime), N'SDFGSDFG', CAST(N'2023-05-09T00:00:00.000' AS DateTime), CAST(N'2023-05-09T00:00:00.000' AS DateTime))
INSERT [dbo].[EMPLOYEES] ([id_employee], [employee_name], [employee_gender], [employee_age], [employee_registration], [employee_dob], [employee_email], [employee_phone1], [employee_phone2], [employee_phone3], [employee_phone_class1], [employee_phone_class2], [employee_phone_class3], [street_name], [district], [house_number], [complement], [zipcode], [id_city], [jobRole], [baseSalary], [weeklyHours], [employee_status], [admission_date], [dismissed_date], [home_type], [date_creation], [date_last_update]) VALUES (4, N'EDUARDO ANACLETO', 1, 28, N'05251398930', CAST(N'1994-10-27T00:00:00.000' AS DateTime), N'EDUARDO.HANACLETO@GMAIL.COM', N'045998326292', N'', N'', 3, 2, 2, N'RUA ANTONIO ACCORDI', N'PARQUE DOS ESTADOS', N'288', N'CASA', N'85875000', 2, N'VENDEDOR', CAST(1500.00 AS Decimal(10, 2)), 40, 1, CAST(N'2020-01-01T00:00:00.000' AS DateTime), CAST(N'2000-01-01T00:00:00.000' AS DateTime), N'CASA', CAST(N'2023-05-09T00:00:00.000' AS DateTime), CAST(N'2023-05-09T23:15:56.693' AS DateTime))
INSERT [dbo].[EMPLOYEES] ([id_employee], [employee_name], [employee_gender], [employee_age], [employee_registration], [employee_dob], [employee_email], [employee_phone1], [employee_phone2], [employee_phone3], [employee_phone_class1], [employee_phone_class2], [employee_phone_class3], [street_name], [district], [house_number], [complement], [zipcode], [id_city], [jobRole], [baseSalary], [weeklyHours], [employee_status], [admission_date], [dismissed_date], [home_type], [date_creation], [date_last_update]) VALUES (5, N'TESTE INATIVO', 2, 25, N'05251398930', CAST(N'1998-01-01T00:00:00.000' AS DateTime), N'SDFSDKFSDFS@GMAIL.COM', N'456456654654', N'', N'', 4, 2, 2, N'ASDFSAFASFSADF', N'DGSDGSDF', N'12', N'SDFGSDFG', N'44656156', 6, N'SDFGDSFGDFS', CAST(2000.00 AS Decimal(10, 2)), 45, 0, CAST(N'2019-01-01T00:00:00.000' AS DateTime), CAST(N'2020-01-01T00:00:00.000' AS DateTime), N'SDFGSDFG', CAST(N'2023-05-09T00:00:00.000' AS DateTime), CAST(N'2023-05-09T00:00:00.000' AS DateTime))
SET IDENTITY_INSERT [dbo].[EMPLOYEES] OFF
GO
SET IDENTITY_INSERT [dbo].[BRANDS] ON 

INSERT [dbo].[BRANDS] ([id_brand], [brand_name], [date_creation], [date_last_update]) VALUES (2, N'APPLE', CAST(N'2023-05-09T21:59:10.247' AS DateTime), CAST(N'2023-05-09T21:59:10.247' AS DateTime))
INSERT [dbo].[BRANDS] ([id_brand], [brand_name], [date_creation], [date_last_update]) VALUES (3, N'MICROSOFT', CAST(N'2023-05-09T21:59:42.277' AS DateTime), CAST(N'2023-05-09T21:59:42.277' AS DateTime))
INSERT [dbo].[BRANDS] ([id_brand], [brand_name], [date_creation], [date_last_update]) VALUES (4, N'HEINZ', CAST(N'2023-05-09T21:59:47.710' AS DateTime), CAST(N'2023-05-09T21:59:47.710' AS DateTime))
INSERT [dbo].[BRANDS] ([id_brand], [brand_name], [date_creation], [date_last_update]) VALUES (5, N'NIKE', CAST(N'2023-05-09T22:00:03.900' AS DateTime), CAST(N'2023-05-09T22:00:03.900' AS DateTime))
INSERT [dbo].[BRANDS] ([id_brand], [brand_name], [date_creation], [date_last_update]) VALUES (6, N'ADIDAS', CAST(N'2023-05-09T22:00:07.917' AS DateTime), CAST(N'2023-05-09T22:00:07.917' AS DateTime))
INSERT [dbo].[BRANDS] ([id_brand], [brand_name], [date_creation], [date_last_update]) VALUES (7, N'ARAMIS', CAST(N'2023-05-09T22:00:13.283' AS DateTime), CAST(N'2023-05-09T22:00:13.283' AS DateTime))
INSERT [dbo].[BRANDS] ([id_brand], [brand_name], [date_creation], [date_last_update]) VALUES (8, N'HP', CAST(N'2023-05-09T22:00:43.320' AS DateTime), CAST(N'2023-05-09T22:00:43.320' AS DateTime))
INSERT [dbo].[BRANDS] ([id_brand], [brand_name], [date_creation], [date_last_update]) VALUES (9, N'NVIDIA', CAST(N'2023-05-09T22:00:57.417' AS DateTime), CAST(N'2023-05-09T22:00:57.417' AS DateTime))
INSERT [dbo].[BRANDS] ([id_brand], [brand_name], [date_creation], [date_last_update]) VALUES (10, N'CORSAIR', CAST(N'2023-05-09T22:01:01.727' AS DateTime), CAST(N'2023-05-09T22:01:01.727' AS DateTime))
INSERT [dbo].[BRANDS] ([id_brand], [brand_name], [date_creation], [date_last_update]) VALUES (11, N'KINGSTON', CAST(N'2023-05-09T22:01:07.440' AS DateTime), CAST(N'2023-05-09T22:01:07.440' AS DateTime))
INSERT [dbo].[BRANDS] ([id_brand], [brand_name], [date_creation], [date_last_update]) VALUES (12, N'APPLE', CAST(N'2023-05-09T21:59:10.247' AS DateTime), CAST(N'2023-05-09T21:59:10.247' AS DateTime))
INSERT [dbo].[BRANDS] ([id_brand], [brand_name], [date_creation], [date_last_update]) VALUES (13, N'MICROSOFT', CAST(N'2023-05-09T21:59:42.277' AS DateTime), CAST(N'2023-05-09T21:59:42.277' AS DateTime))
INSERT [dbo].[BRANDS] ([id_brand], [brand_name], [date_creation], [date_last_update]) VALUES (14, N'HEINZ', CAST(N'2023-05-09T21:59:47.710' AS DateTime), CAST(N'2023-05-09T21:59:47.710' AS DateTime))
INSERT [dbo].[BRANDS] ([id_brand], [brand_name], [date_creation], [date_last_update]) VALUES (15, N'NIKE', CAST(N'2023-05-09T22:00:03.900' AS DateTime), CAST(N'2023-05-09T22:00:03.900' AS DateTime))
INSERT [dbo].[BRANDS] ([id_brand], [brand_name], [date_creation], [date_last_update]) VALUES (16, N'ADIDAS', CAST(N'2023-05-09T22:00:07.917' AS DateTime), CAST(N'2023-05-09T22:00:07.917' AS DateTime))
INSERT [dbo].[BRANDS] ([id_brand], [brand_name], [date_creation], [date_last_update]) VALUES (17, N'ARAMIS', CAST(N'2023-05-09T22:00:13.283' AS DateTime), CAST(N'2023-05-09T22:00:13.283' AS DateTime))
INSERT [dbo].[BRANDS] ([id_brand], [brand_name], [date_creation], [date_last_update]) VALUES (18, N'HP', CAST(N'2023-05-09T22:00:43.320' AS DateTime), CAST(N'2023-05-09T22:00:43.320' AS DateTime))
INSERT [dbo].[BRANDS] ([id_brand], [brand_name], [date_creation], [date_last_update]) VALUES (19, N'NVIDIA', CAST(N'2023-05-09T22:00:57.417' AS DateTime), CAST(N'2023-05-09T22:00:57.417' AS DateTime))
INSERT [dbo].[BRANDS] ([id_brand], [brand_name], [date_creation], [date_last_update]) VALUES (20, N'CORSAIR', CAST(N'2023-05-09T22:01:01.727' AS DateTime), CAST(N'2023-05-09T22:01:01.727' AS DateTime))
INSERT [dbo].[BRANDS] ([id_brand], [brand_name], [date_creation], [date_last_update]) VALUES (21, N'KINGSTON', CAST(N'2023-05-09T22:01:07.440' AS DateTime), CAST(N'2023-05-09T22:01:07.440' AS DateTime))
SET IDENTITY_INSERT [dbo].[BRANDS] OFF
GO
SET IDENTITY_INSERT [dbo].[PRODUCTGROUPS] ON 

INSERT [dbo].[PRODUCTGROUPS] ([id_product_group], [product_group], [description_product_group], [date_creation], [date_last_update]) VALUES (2, N'CELULAR', N'TELEFONE MOVEL', CAST(N'2023-05-09T22:02:14.527' AS DateTime), CAST(N'2023-05-09T22:02:14.527' AS DateTime))
INSERT [dbo].[PRODUCTGROUPS] ([id_product_group], [product_group], [description_product_group], [date_creation], [date_last_update]) VALUES (3, N'PLACA DE VIDEO', N'VGA', CAST(N'2023-05-09T22:02:29.317' AS DateTime), CAST(N'2023-05-09T22:02:29.317' AS DateTime))
INSERT [dbo].[PRODUCTGROUPS] ([id_product_group], [product_group], [description_product_group], [date_creation], [date_last_update]) VALUES (4, N'TENIS ESPORTIVO', N'', CAST(N'2023-05-09T22:02:42.667' AS DateTime), CAST(N'2023-05-09T22:02:42.667' AS DateTime))
INSERT [dbo].[PRODUCTGROUPS] ([id_product_group], [product_group], [description_product_group], [date_creation], [date_last_update]) VALUES (5, N'SAPATO', N'SOCIAL', CAST(N'2023-05-09T22:02:54.673' AS DateTime), CAST(N'2023-05-09T22:02:54.673' AS DateTime))
INSERT [dbo].[PRODUCTGROUPS] ([id_product_group], [product_group], [description_product_group], [date_creation], [date_last_update]) VALUES (6, N'MEIAS', N'', CAST(N'2023-05-09T22:03:06.073' AS DateTime), CAST(N'2023-05-09T22:03:06.073' AS DateTime))
INSERT [dbo].[PRODUCTGROUPS] ([id_product_group], [product_group], [description_product_group], [date_creation], [date_last_update]) VALUES (7, N'COMPUTADOR', N'COMPLETO', CAST(N'2023-05-09T22:03:35.480' AS DateTime), CAST(N'2023-05-09T22:03:35.480' AS DateTime))
INSERT [dbo].[PRODUCTGROUPS] ([id_product_group], [product_group], [description_product_group], [date_creation], [date_last_update]) VALUES (8, N'COMIDA PERECIVEL', N'PERECIVEL', CAST(N'2023-05-09T22:03:57.230' AS DateTime), CAST(N'2023-05-09T22:03:57.230' AS DateTime))
INSERT [dbo].[PRODUCTGROUPS] ([id_product_group], [product_group], [description_product_group], [date_creation], [date_last_update]) VALUES (9, N'COMIDA NAO PERECIVEL', N'NAO PERECIVEL', CAST(N'2023-05-09T22:04:07.597' AS DateTime), CAST(N'2023-05-09T22:04:07.597' AS DateTime))
INSERT [dbo].[PRODUCTGROUPS] ([id_product_group], [product_group], [description_product_group], [date_creation], [date_last_update]) VALUES (10, N'CELULAR', N'TELEFONE MOVEL', CAST(N'2023-05-09T22:02:14.527' AS DateTime), CAST(N'2023-05-09T22:02:14.527' AS DateTime))
INSERT [dbo].[PRODUCTGROUPS] ([id_product_group], [product_group], [description_product_group], [date_creation], [date_last_update]) VALUES (11, N'PLACA DE VIDEO', N'VGA', CAST(N'2023-05-09T22:02:29.317' AS DateTime), CAST(N'2023-05-09T22:02:29.317' AS DateTime))
INSERT [dbo].[PRODUCTGROUPS] ([id_product_group], [product_group], [description_product_group], [date_creation], [date_last_update]) VALUES (12, N'TENIS ESPORTIVO', N'', CAST(N'2023-05-09T22:02:42.667' AS DateTime), CAST(N'2023-05-09T22:02:42.667' AS DateTime))
INSERT [dbo].[PRODUCTGROUPS] ([id_product_group], [product_group], [description_product_group], [date_creation], [date_last_update]) VALUES (13, N'SAPATO', N'SOCIAL', CAST(N'2023-05-09T22:02:54.673' AS DateTime), CAST(N'2023-05-09T22:02:54.673' AS DateTime))
INSERT [dbo].[PRODUCTGROUPS] ([id_product_group], [product_group], [description_product_group], [date_creation], [date_last_update]) VALUES (14, N'MEIAS', N'', CAST(N'2023-05-09T22:03:06.073' AS DateTime), CAST(N'2023-05-09T22:03:06.073' AS DateTime))
INSERT [dbo].[PRODUCTGROUPS] ([id_product_group], [product_group], [description_product_group], [date_creation], [date_last_update]) VALUES (15, N'COMPUTADOR', N'COMPLETO', CAST(N'2023-05-09T22:03:35.480' AS DateTime), CAST(N'2023-05-09T22:03:35.480' AS DateTime))
INSERT [dbo].[PRODUCTGROUPS] ([id_product_group], [product_group], [description_product_group], [date_creation], [date_last_update]) VALUES (16, N'COMIDA PERECIVEL', N'PERECIVEL', CAST(N'2023-05-09T22:03:57.230' AS DateTime), CAST(N'2023-05-09T22:03:57.230' AS DateTime))
INSERT [dbo].[PRODUCTGROUPS] ([id_product_group], [product_group], [description_product_group], [date_creation], [date_last_update]) VALUES (17, N'COMIDA NAO PERECIVEL', N'NAO PERECIVEL', CAST(N'2023-05-09T22:04:07.597' AS DateTime), CAST(N'2023-05-09T22:04:07.597' AS DateTime))
SET IDENTITY_INSERT [dbo].[PRODUCTGROUPS] OFF
GO
SET IDENTITY_INSERT [dbo].[PRODUCTS] ON 

INSERT [dbo].[PRODUCTS] ([id_product], [product_name], [product_sale_price], [product_group_id], [brand_id], [stock], [product_cost], [product_barcode], [date_creation], [date_last_update]) VALUES (2, N'IPHONE 10', CAST(2000.00 AS Decimal(10, 2)), 2, 2, 150, CAST(1500.90 AS Decimal(10, 2)), 5555555555555, CAST(N'2023-05-09T22:11:11.507' AS DateTime), CAST(N'2023-05-09T00:00:00.000' AS DateTime))
INSERT [dbo].[PRODUCTS] ([id_product], [product_name], [product_sale_price], [product_group_id], [brand_id], [stock], [product_cost], [product_barcode], [date_creation], [date_last_update]) VALUES (3, N'KETCHUP PICANTE', CAST(12.00 AS Decimal(10, 2)), 8, 4, 150, CAST(8.00 AS Decimal(10, 2)), 1234567891011, CAST(N'2023-05-09T22:19:32.817' AS DateTime), CAST(N'2023-05-09T00:00:00.000' AS DateTime))
INSERT [dbo].[PRODUCTS] ([id_product], [product_name], [product_sale_price], [product_group_id], [brand_id], [stock], [product_cost], [product_barcode], [date_creation], [date_last_update]) VALUES (4, N'NOTEBOOK 500GB 4GB RYZEN5', CAST(1725.00 AS Decimal(10, 2)), 7, 8, 99, CAST(1500.00 AS Decimal(10, 2)), 1500, CAST(N'2023-05-09T22:29:41.803' AS DateTime), CAST(N'2023-05-09T22:29:41.803' AS DateTime))
INSERT [dbo].[PRODUCTS] ([id_product], [product_name], [product_sale_price], [product_group_id], [brand_id], [stock], [product_cost], [product_barcode], [date_creation], [date_last_update]) VALUES (5, N'IPHONE 10', CAST(2000.00 AS Decimal(10, 2)), 2, 2, 150, CAST(1500.90 AS Decimal(10, 2)), 5555555555555, CAST(N'2023-05-09T22:11:11.507' AS DateTime), CAST(N'2023-05-09T00:00:00.000' AS DateTime))
INSERT [dbo].[PRODUCTS] ([id_product], [product_name], [product_sale_price], [product_group_id], [brand_id], [stock], [product_cost], [product_barcode], [date_creation], [date_last_update]) VALUES (6, N'KETCHUP PICANTE', CAST(12.00 AS Decimal(10, 2)), 8, 4, 150, CAST(8.00 AS Decimal(10, 2)), 1234567891011, CAST(N'2023-05-09T22:19:32.817' AS DateTime), CAST(N'2023-05-09T00:00:00.000' AS DateTime))
INSERT [dbo].[PRODUCTS] ([id_product], [product_name], [product_sale_price], [product_group_id], [brand_id], [stock], [product_cost], [product_barcode], [date_creation], [date_last_update]) VALUES (7, N'NOTEBOOK 500GB 4GB RYZEN5', CAST(1725.00 AS Decimal(10, 2)), 7, 8, 99, CAST(1500.00 AS Decimal(10, 2)), 1500, CAST(N'2023-05-09T22:29:41.803' AS DateTime), CAST(N'2023-05-09T22:29:41.803' AS DateTime))
SET IDENTITY_INSERT [dbo].[PRODUCTS] OFF
GO
SET IDENTITY_INSERT [dbo].[PAYMENTMETHODS] ON 

INSERT [dbo].[PAYMENTMETHODS] ([id_payment_method], [payment_method], [date_creation], [date_last_update]) VALUES (2, N'DINHEIRO', CAST(N'2023-05-09T21:35:15.693' AS DateTime), CAST(N'2023-05-09T21:35:15.693' AS DateTime))
INSERT [dbo].[PAYMENTMETHODS] ([id_payment_method], [payment_method], [date_creation], [date_last_update]) VALUES (3, N'CARTAO MASTERCARD DEBITO', CAST(N'2023-05-09T22:40:55.777' AS DateTime), CAST(N'2023-05-09T22:40:55.777' AS DateTime))
INSERT [dbo].[PAYMENTMETHODS] ([id_payment_method], [payment_method], [date_creation], [date_last_update]) VALUES (4, N'CARTAO MASTERCARD CREDITO', CAST(N'2023-05-09T22:41:01.333' AS DateTime), CAST(N'2023-05-09T22:41:01.333' AS DateTime))
INSERT [dbo].[PAYMENTMETHODS] ([id_payment_method], [payment_method], [date_creation], [date_last_update]) VALUES (5, N'PIX', CAST(N'2023-05-09T22:41:08.447' AS DateTime), CAST(N'2023-05-09T22:41:08.447' AS DateTime))
INSERT [dbo].[PAYMENTMETHODS] ([id_payment_method], [payment_method], [date_creation], [date_last_update]) VALUES (6, N'CARTAO SCIELO', CAST(N'2023-05-09T22:41:23.677' AS DateTime), CAST(N'2023-05-09T22:41:23.677' AS DateTime))
INSERT [dbo].[PAYMENTMETHODS] ([id_payment_method], [payment_method], [date_creation], [date_last_update]) VALUES (7, N'CARTAO NUBANK', CAST(N'2023-05-09T22:41:28.447' AS DateTime), CAST(N'2023-05-09T22:41:28.447' AS DateTime))
INSERT [dbo].[PAYMENTMETHODS] ([id_payment_method], [payment_method], [date_creation], [date_last_update]) VALUES (8, N'CHEQUE', CAST(N'2023-05-09T22:41:33.693' AS DateTime), CAST(N'2023-05-09T22:41:33.693' AS DateTime))
INSERT [dbo].[PAYMENTMETHODS] ([id_payment_method], [payment_method], [date_creation], [date_last_update]) VALUES (9, N'DINHEIRO', CAST(N'2023-05-09T21:35:15.693' AS DateTime), CAST(N'2023-05-09T21:35:15.693' AS DateTime))
INSERT [dbo].[PAYMENTMETHODS] ([id_payment_method], [payment_method], [date_creation], [date_last_update]) VALUES (10, N'CARTAO MASTERCARD DEBITO', CAST(N'2023-05-09T22:40:55.777' AS DateTime), CAST(N'2023-05-09T22:40:55.777' AS DateTime))
INSERT [dbo].[PAYMENTMETHODS] ([id_payment_method], [payment_method], [date_creation], [date_last_update]) VALUES (11, N'CARTAO MASTERCARD CREDITO', CAST(N'2023-05-09T22:41:01.333' AS DateTime), CAST(N'2023-05-09T22:41:01.333' AS DateTime))
INSERT [dbo].[PAYMENTMETHODS] ([id_payment_method], [payment_method], [date_creation], [date_last_update]) VALUES (12, N'PIX', CAST(N'2023-05-09T22:41:08.447' AS DateTime), CAST(N'2023-05-09T22:41:08.447' AS DateTime))
INSERT [dbo].[PAYMENTMETHODS] ([id_payment_method], [payment_method], [date_creation], [date_last_update]) VALUES (13, N'CARTAO SCIELO', CAST(N'2023-05-09T22:41:23.677' AS DateTime), CAST(N'2023-05-09T22:41:23.677' AS DateTime))
INSERT [dbo].[PAYMENTMETHODS] ([id_payment_method], [payment_method], [date_creation], [date_last_update]) VALUES (14, N'CARTAO NUBANK', CAST(N'2023-05-09T22:41:28.447' AS DateTime), CAST(N'2023-05-09T22:41:28.447' AS DateTime))
INSERT [dbo].[PAYMENTMETHODS] ([id_payment_method], [payment_method], [date_creation], [date_last_update]) VALUES (15, N'CHEQUE', CAST(N'2023-05-09T22:41:33.693' AS DateTime), CAST(N'2023-05-09T22:41:33.693' AS DateTime))
SET IDENTITY_INSERT [dbo].[PAYMENTMETHODS] OFF
GO
SET IDENTITY_INSERT [dbo].[PAYMENTCONDITIONS] ON 

INSERT [dbo].[PAYMENTCONDITIONS] ([id_paycondition], [condition_name], [payment_fees], [fine_value], [discount_perc], [instalment_quantity], [date_creation], [date_last_update]) VALUES (11, N'FASADAS', CAST(0.00 AS Decimal(10, 2)), CAST(0.00 AS Decimal(10, 2)), CAST(0.00 AS Decimal(10, 2)), 2, CAST(N'2023-05-10T00:17:51.610' AS DateTime), CAST(N'2023-05-10T00:17:51.610' AS DateTime))
INSERT [dbo].[PAYMENTCONDITIONS] ([id_paycondition], [condition_name], [payment_fees], [fine_value], [discount_perc], [instalment_quantity], [date_creation], [date_last_update]) VALUES (12, N'TESTE', CAST(0.00 AS Decimal(10, 2)), CAST(0.00 AS Decimal(10, 2)), CAST(0.00 AS Decimal(10, 2)), 2, CAST(N'2023-05-10T00:52:53.120' AS DateTime), CAST(N'2023-05-10T00:52:53.120' AS DateTime))
INSERT [dbo].[PAYMENTCONDITIONS] ([id_paycondition], [condition_name], [payment_fees], [fine_value], [discount_perc], [instalment_quantity], [date_creation], [date_last_update]) VALUES (13, N'FASADAS', CAST(0.00 AS Decimal(10, 2)), CAST(0.00 AS Decimal(10, 2)), CAST(0.00 AS Decimal(10, 2)), 2, CAST(N'2023-05-10T00:17:51.610' AS DateTime), CAST(N'2023-05-10T00:17:51.610' AS DateTime))
INSERT [dbo].[PAYMENTCONDITIONS] ([id_paycondition], [condition_name], [payment_fees], [fine_value], [discount_perc], [instalment_quantity], [date_creation], [date_last_update]) VALUES (14, N'TESTE', CAST(0.00 AS Decimal(10, 2)), CAST(0.00 AS Decimal(10, 2)), CAST(0.00 AS Decimal(10, 2)), 2, CAST(N'2023-05-10T00:52:53.120' AS DateTime), CAST(N'2023-05-10T00:52:53.120' AS DateTime))
SET IDENTITY_INSERT [dbo].[PAYMENTCONDITIONS] OFF
GO
INSERT [dbo].[BILLSINSTALMENTS] ([paycondition_id], [instalment_number], [paymethod_id], [total_days], [value_percentage], [date_creation], [date_last_update]) VALUES (11, 1, 2, 5, CAST(50.00 AS Decimal(5, 2)), CAST(N'2023-05-10T00:17:51.610' AS DateTime), CAST(N'2023-05-10T00:17:51.610' AS DateTime))
INSERT [dbo].[BILLSINSTALMENTS] ([paycondition_id], [instalment_number], [paymethod_id], [total_days], [value_percentage], [date_creation], [date_last_update]) VALUES (12, 1, 4, 30, CAST(50.00 AS Decimal(5, 2)), CAST(N'2023-05-10T00:52:53.120' AS DateTime), CAST(N'2023-05-10T00:52:53.120' AS DateTime))
INSERT [dbo].[BILLSINSTALMENTS] ([paycondition_id], [instalment_number], [paymethod_id], [total_days], [value_percentage], [date_creation], [date_last_update]) VALUES (12, 2, 4, 60, CAST(50.00 AS Decimal(5, 2)), CAST(N'2023-05-10T00:52:53.120' AS DateTime), CAST(N'2023-05-10T00:52:53.120' AS DateTime))
GO
SET IDENTITY_INSERT [dbo].[USERS] ON 

INSERT [dbo].[USERS] ([id_user], [employee_id], [userLogin], [userPassword], [levelAccess], [date_creation], [date_last_update]) VALUES (2, 2, N'usuario', N'senha', 0, CAST(N'2023-05-10T00:59:24.447' AS DateTime), CAST(N'2023-05-10T00:59:24.447' AS DateTime))
INSERT [dbo].[USERS] ([id_user], [employee_id], [userLogin], [userPassword], [levelAccess], [date_creation], [date_last_update]) VALUES (3, 2, N'usuario', N'senha', 0, CAST(N'2023-05-10T00:59:24.447' AS DateTime), CAST(N'2023-05-10T00:59:24.447' AS DateTime))
SET IDENTITY_INSERT [dbo].[USERS] OFF
GO
